BibTeX_Key	Title	Year	Category	Venue	Entry_Type	Authors	DOI	URL	Code
SB24	Nondeterministic Causal Models	2024	Causal Graphs / Causal Reasoning	CoRR	article	Sander Beckers			
K22	Behaviour Explanation via Causal Analysis of Mental States: A Preliminary Report	2022	Causal Graphs / Causal Reasoning	CoRR	article	Shakil M. Khan	10.48550/arXiv.2205.07443	https://doi.org/10.48550/arXiv.2205.07443	
Beckers22	Causal Explanations and XAI	2022	Causal Graphs / Causal Reasoning	1st Conference on Causal Learning and Reasoning, CLeaR 2022, Sequoia Conference Center, Eureka, CA, USA, 11-13 April, 2022	inproceedings	Sander Beckers			
HalpernPeters22	Reasoning About Causal Models with Infinitely Many Variables	2022	Causal Graphs / Causal Reasoning	Proceedings of the 36th AAAI Conference on Artificial Intelligence	inproceedings	Joseph Y. Halpern; Spencer Peters			
KhanS18	Diagnosis as Computing Causal Chains from Event Traces	2018	Causal Graphs / Causal Reasoning	Proceedings of the AAAI Fall Symposium: Integrating Planning, Diagnosis, and Causal Reasoning (SIP-18)	inproceedings	Shakil M. Khan; Mikhail Soutchanski			
BatusovS18	Situation Calculus Semantics for Actual Causality	2018	Causal Graphs / Causal Reasoning	Proceedings of the Thirty-Second AAAI Conference on Artificial Intelligence, (AAAI-18), the 30th innovative Applications of Artificial Intelligence (IAAI-18), and the 8th AAAI Symposium on Educational Advances in Artificial Intelligence (EAAI-18), New Orleans, Louisiana, USA, February 2-7, 2018	inproceedings	Vitaliy Batusov; Mikhail Soutchanski			
GosslerSS17	Counterfactual Causality from First Principles?	2017	Causal Graphs / Causal Reasoning	Proceedings 2nd Intl. Workshop on Causal Reasoning for Embedded and safety-critical Systems Technologies, CREST@ETAPS 2017	inproceedings	Gregor Go\ssler; Oleg Sokolsky; Jean-Bernard Stefani			
BatusovS17	Situation Calculus Semantics for Actual Causality	2017	Causal Graphs / Causal Reasoning	Proceedings of the Thirteenth International Symposium on Commonsense Reasoning, COMMONSENSE 2017, London, UK, November 6-8, 2017	inproceedings	Vitaliy Batusov; Mikhail Soutchanski			
Halpern16	Actual Causality	2016	Causal Graphs / Causal Reasoning	MIT Press	book	Joseph Y. Halpern			
Wang15	A Hybrid Approach to Causality Analysis	2015	Causal Graphs / Causal Reasoning	RV 2015 â€“ 6th Intl. Conference on Runtime Verification	inproceedings	Shaohui Wang; Yoann Geoffroy; Gregor Go\ssler; Oleg Sokolsky; Insup Lee			
Halpern15	A Modification of the Halpern-Pearl Definition of Causality	2015	Causal Graphs / Causal Reasoning	Proceedings of the Twenty-Fourth International Joint Conference on Artificial Intelligence, IJCAI 2015, Buenos Aires, Argentina, July 25-31, 2015	inproceedings	Joseph Y. Halpern		http://ijcai.org/Abstract/15/427	
ChocklerFKL15	Causal Analysis for Attributing Responsibility in Legal Cases	2015	Causal Graphs / Causal Reasoning	Proceedings of the 15th International Conference on Artificial Intelligence and Law, ICAIL 2015, San Diego, CA, USA, June 8-12, 2015	inproceedings	Hana Chockler; Norman E. Fenton; Jeroen Keppens; David A. Lagnado	10.1145/2746090.2746102	https://doi.org/10.1145/2746090.2746102	
Leitner-FischerL13	Causality Checking for Complex System Models	2013	Causal Graphs / Causal Reasoning	Verification, Model Checking, and Abstract Interpretation, 14th International Conference, VMCAI 2013, Rome, Italy, January 20-22, 2013. Proceedings	inproceedings	Florian Leitner-Fischer; Stefan Leue	10.1007/978-3-642-35873-9\_16	https://doi.org/10.1007/978-3-642-35873-9\_16	
BeerBCOT12	Explaining Counterexamples using Causality	2012	Causal Graphs / Causal Reasoning	Formal Methods in System Design	article	Ilan Beer; Shoham Ben-David; Hana Chockler; Avigail Orni; Richard J. Trefler	10.1007/s10703-011-0132-2	https://doi.org/10.1007/s10703-011-0132-2	
HopkinsP07	Causality and Counterfactuals in the Situation Calculus	2007	Causal Graphs / Causal Reasoning	Journal of Logic and Computation	article	Mark Hopkins; Judea Pearl	10.1093/logcom/exm048	https://doi.org/10.1093/logcom/exm048	
Williamson06	Dispositional versus Epistemic Causality	2006	Causal Graphs / Causal Reasoning	Minds and Machines	article	Jon Williamson			
EiterL02	Complexity Results for Structure-based Causality	2002	Causal Graphs / Causal Reasoning	Artificial Intelligence	article	Thomas Eiter; Thomas Lukasiewicz	10.1016/S0004-3702(02)00271-0	https://doi.org/10.1016/S0004-3702(02)00271-0	
Halpern00	Axiomatizing Causal Reasoning	2000	Causal Graphs / Causal Reasoning	Journal of Artificial Intelligence Research	article	Joseph Y. Halpern	10.1613/jair.648	https://doi.org/10.1613/jair.648	
Pearl00	Causality: Models, Reasoning, and Inference	2000	Causal Graphs / Causal Reasoning	Cambridge University Press	book	Judea Pearl			
MorgensternS88	Why Things Go Wrong: A Formal Theory of Causal Reasoning	1988	Causal Graphs / Causal Reasoning	Proceedings of the 7th National Conference on Artificial Intelligence, St. Paul, MN, USA, August 21-26, 1988	inproceedings	Leora Morgenstern; Lynn Andrea Stein			
BhandariSS87	Optimal Diagnosis for Causal Chains	1987	Causal Graphs / Causal Reasoning	Carnegie Mellon Univ.	techreport	Inderpal S. Bhandari; Herbert A. Simon; Daniel P. Siewiorek			
Simon77	Causal Ordering and Identifiability	1977	Causal Graphs / Causal Reasoning	Models of Discovery. Boston Studies in the Philosophy of Science	article	Herbert A. Simon			
you2026agent	Agent-as-a-Judge	2026	Graph-Agent-LLM / Agentic AI	arXiv preprint arXiv:2601.05111	article	You, Runyang; Cai, Hongru; Zhang, Caiqi; Xu, Qiancheng; Liu, Meng; et al.			
lu2026agentic	Agentic graph neural networks for wireless communications and networking towards edge general intelligence: A survey	2026	Graph-Agent-LLM / Agentic AI	IEEE Communications Surveys & Tutorials	article	Lu, Yang; Zhang, Shengli; Liu, Chang; Zhang, Ruichen; Ai, Bo; et al.			
zheng2026agentvne	AgentVNE: LLM-Augmented Graph Reinforcement Learning for Affinity-Aware Multi-Agent Placement in Edge Agentic AI	2026	Graph-Agent-LLM / Agentic AI	arXiv preprint arXiv:2601.02021	article	Zheng, Runze; Zheng, Yuqing; Cheng, Zhengyi; Luo, Long; Luo, Haoxiang; et al.			
xu2026automated	Automated carbon-aware assessment of openBIM-based ductwork design using knowledge graphâ€“augmented LLM multi-agent framework	2026	Graph-Agent-LLM / Agentic AI	Automation in Construction	article	Xu, Yuqing; Li, Ang; Guo, Xiaowen; Chan, Jeff CF; Gong, Xingbo; et al.			
yang2026graph	Graph-based Agent Memory: Taxonomy, Techniques, and Applications	2026	Graph-Agent-LLM / Agentic AI	arXiv preprint arXiv:2602.05665	article	Yang, Chang; Zhou, Chuang; Xiao, Yilin; Dong, Su; Zhuang, Luyao; et al.			
stewart2026graphagents	GraphAgents: Knowledge Graph-Guided Agentic AI for Cross-Domain Materials Design	2026	Graph-Agent-LLM / Agentic AI	arXiv preprint arXiv:2602.07491	article	Stewart, Isabella A; Hage, Tarjei Paule; Hsu, Yu-Chuan; Buehler, Markus J			
jiang2026magma	MAGMA: A Multi-Graph based Agentic Memory Architecture for AI Agents	2026	Graph-Agent-LLM / Agentic AI	arXiv preprint arXiv:2601.03236	article	Jiang, Dongming; Li, Yi; Li, Guanpeng; Li, Bingzhe			
liu2025agenticmath	AgenticMath: Enhancing LLM Reasoning via Agentic-based Math Data Generation	2025	Graph-Agent-LLM / Agentic AI	arXiv preprint arXiv:2510.19361	article	Liu, Xianyang; Liu, Yilin; Wang, Shuai; Cheng, Hao; Estornell, Andrew; et al.			
zhao2025agree	AgREE: Agentic Reasoning for Knowledge Graph Completion on Emerging Entities	2025	Graph-Agent-LLM / Agentic AI	arXiv preprint arXiv:2508.04118	article	Zhao, Ruochen; Conia, Simone; Peng, Eric; Li, Min; Potdar, Saloni			
xia2025experience	From experience to strategy: Empowering llm agents with trainable graph memory	2025	Graph-Agent-LLM / Agentic AI	arXiv preprint arXiv:2511.07800	article	Xia, Siyu; Xu, Zekun; Chai, Jiajun; Fan, Wentian; Song, Yan; et al.			
chang2025graph	Graph-S3: Enhancing Agentic textual Graph Retrieval with Synthetic Stepwise Supervision	2025	Graph-Agent-LLM / Agentic AI	arXiv preprint arXiv:2510.03323	article	Chang, Ge; Su, Jinbo; Liu, Jiacheng; Yang, Pengfei; Shang, Yuhao; et al.			
ji2025lafa	LAFA: Agentic LLM-Driven Federated Analytics over Decentralized Data Sources	2025	Graph-Agent-LLM / Agentic AI	2025 lEEE International Conference on Cloud Computing Technology and Science (CloudCom)	inproceedings	Ji, Haichao; Wang, Zibo; Pan, Cheng; Han, Meng; Zhu, Yifei; et al.			
guo2025reagan	ReaGAN: Node-as-Agent-Reasoning Graph Agentic Network	2025	Graph-Agent-LLM / Agentic AI	arXiv preprint arXiv:2508.00429	article	Guo, Minghao; Zhu, Xi; Xue, Haochen; Zhang, Chong; Lin, Shuhang; et al.			
dong2025s	S-DAG: A Subject-Based Directed Acyclic Graph for Multi-Agent Heterogeneous Reasoning	2025	Graph-Agent-LLM / Agentic AI	arXiv preprint arXiv:2511.06727	article	Dong, Jiangwen; Lin, Zehui; Lin, Wanyu; Zhang, Mingjin			
zhang2025llm	When LLM Agents Meet Graph Optimization: An Automated Data Quality Improvement Approach	2025	Graph-Agent-LLM / Agentic AI	arXiv preprint arXiv:2510.08952	article	Zhang, Zhihan; Li, Xunkai; Zuo, Yilong; Wen, Yanzhe; Fan, Zhaoxin; et al.			
chen2025x	X-GridAgent: An LLM-Powered Agentic AI System for Assisting Power Grid Analysis	2025	Graph-Agent-LLM / Agentic AI	arXiv preprint arXiv:2512.20789	article	Chen, Xin; others			
RKLY24	A Logic of Actual Cause for Non-Deterministic Dynamic Domains	2024	Graph-Agent-LLM / Agentic AI	Working Notes of the 21st European Conference on Multi-Agent Systems, August 26-28th, 2024, Dublin, Ireland	inproceedings	Maryam Rostamigiv; Shakil M. Khan; Yves Lesperance; Mriana Yadkoo			
anokhin2024arigraph	Arigraph: Learning knowledge graph world models with episodic memory for llm agents	2024	Graph-Agent-LLM / Agentic AI	arXiv preprint arXiv:2407.04363	article	Anokhin, Petr; Semenov, Nikita; Sorokin, Artyom; Evseev, Dmitry; Kravchenko, Andrey; et al.			
xu2024generate	Generate-on-graph: Treat llm as both agent and kg in incomplete knowledge graph question answering	2024	Graph-Agent-LLM / Agentic AI	arXiv preprint arXiv:2404.14741	article	Xu, Yao; He, Shizhu; Chen, Jiabei; Wang, Zihao; Song, Yangqiu; et al.			
hu2024scenecraft	Scenecraft: An llm agent for synthesizing 3d scenes as blender code	2024	Graph-Agent-LLM / Agentic AI	Forty-first International Conference on Machine Learning	inproceedings	Hu, Ziniu; Iscen, Ahmet; Jain, Aashi; Kipf, Thomas; Yue, Yisong; et al.			
Qin2023ToolLearning	Tool Learning with Foundation Models	2024	Graph-Agent-LLM / Agentic AI	ACM Comput. Surv.	article	Qin, Yujia; Hu, Shengding; Lin, Yankai; Chen, Weize; Ding, Ning; et al.	10.1145/3704435	https://doi.org/10.1145/3704435	
Wang2024Voyager	Voyager: An Open-Ended Embodied Agent with Large Language Models	2024	Graph-Agent-LLM / Agentic AI	Transactions on Machine Learning Research (TMLR)	article	Guanzhi Wang; Yuqi Xie; Yunfan Jiang; Ajay Mandlekar; Chaowei Xiao; et al.			
wu2023autogenenablingnextgenllm	AutoGen: Enabling Next-Gen LLM Applications via Multi-Agent Conversation	2023	Graph-Agent-LLM / Agentic AI		misc	Qingyun Wu; Gagan Bansal; Jieyu Zhang; Yiran Wu; Beibin Li; et al.		https://arxiv.org/abs/2308.08155	
park2023generativeagents	Generative Agents: Interactive Simulacra of Human Behavior	2023	Graph-Agent-LLM / Agentic AI	Proceedings of the 36th Annual ACM Symposium on User Interface Software and Technology	inproceedings	Park, Joon Sung; O'Brien, Joseph C.; Cai, Carrie J.; Morris, Meredith Ringel; Liang, Percy; et al.			
KhanR23	On Explaining Agent Behaviour via Root Cause Analysis: A Formal Account Grounded in Theory of Mind	2023	Graph-Agent-LLM / Agentic AI	Proceedings of the 26th European Conference on Artificial Intelligence ECAI, 30.09 - 5.10, 2023, Krakow, Poland	inproceedings	Shakil M. Khan; Maryam Rostamigiv			
Shakil2023	On Explaining Agent Behaviour via Root Cause Analysis: A Formal Account Grounded in Theory of Mind	2023	Graph-Agent-LLM / Agentic AI	26th European Conference on Artificial Intelligence ECAI 2023, KrakÃ³w, Poland	article	Shakil M. Khan; Maryam Rostamigiv			
KR23	On Explaining Agent Behaviour via Root Cause Analysis: A Formal Account Grounded in Theory of Mind	2023	Graph-Agent-LLM / Agentic AI	ECAI 2023 - 26th European Conference on Artificial Intelligence, September 30 - October 4, 2023, Krakow, Poland	inproceedings	Shakil M. Khan; Maryam Rostamigiv			
shinn2023reflexion	Reflexion: Language Agents with Verbal Reinforcement Learning	2023	Graph-Agent-LLM / Agentic AI	Advances in Neural Information Processing Systems	inproceedings	Shinn, Noah; Cassano, Federico; Berman, Edward; Gopinath, Ashwin; Narasimhan, Karthik; et al.			
DennisO22	Explaining BDI agent behaviour through dialogue	2022	Graph-Agent-LLM / Agentic AI	Auton. Agents Multi Agent Syst.	article	Louise A. Dennis; Nir Oren			
Costantini1	An Epistemic Logic for Multi-agent Systems with Budget and Costs	2021	Graph-Agent-LLM / Agentic AI	European Conference on Logics in Artificial Intelligence.	article	Stefania Costantini, Andrea Formisano,; Valentina Pitoni			
KL21	Knowing Why - On the Dynamics of Knowledge about Actual Causes in the Situation Calculus	2021	Graph-Agent-LLM / Agentic AI	AAMAS `21: 20th International Conference on Autonomous Agents and Multiagent Systems, Virtual Event, United Kingdom, May 3-7, 2021	inproceedings	Shakil M. Khan; Yves Lesperance			
Shakil2021	Knowing why - on the dynamics of knowledge about actual causes in the situation calculus	2021	Graph-Agent-LLM / Agentic AI	in AAMAS â€™21: 20th International Conference on Autonomous Agents and Multiagent Systems, Virtual Event, United Kingdom, May 3-7, 2021, eds., Frank Dignum, Alessio Lomuscio, Ulle Endriss, and Ann NowÃ©,	article	Shakil M. Khan; Yves LespÃ©rance			
ShvoMcI20	Towards the Role of Theory of Mind in Explanation	2020	Graph-Agent-LLM / Agentic AI	Explainable, Transparent Autonomous Agents and Multi-Agent Systems - Second International Workshop, EXTRAAMAS 2020, Auckland, New Zealand, May 9-13, 2020, Revised Selected Papers	inproceedings	Maayan Shvo; Toryn Q. Klassen; Sheila A. McIlraith			
AlechinaHL17	Causality, Responsibility and Blame in Team Plans	2017	Graph-Agent-LLM / Agentic AI	Proceedings of the 16th Conference on Autonomous Agents and MultiAgent Systems, AAMAS	inproceedings	Natasha Alechina; Joseph Y. Halpern; Brian Logan			
KL10	A logical framework for prioritized goal change	2010	Graph-Agent-LLM / Agentic AI	9th International Conference on Autonomous Agents and Multiagent Systems (AAMAS 2010), Toronto, Canada, May 10-14, 2010, Volume 1-3	inproceedings	Shakil M. Khan; Yves Lesperance			
KhanL10	A Logical Framework for Prioritized Goal Change	2010	Graph-Agent-LLM / Agentic AI	9th International Conference on Autonomous Agents and Multiagent Systems (AAMAS 2010), Toronto, Canada, May 10-14, 2010, Volume 1-3	inproceedings	Shakil M. Khan; Yves Lesperance			
KhanL05	ECASL: A Model of Rational Agency for Communicating Agents	2005	Graph-Agent-LLM / Agentic AI	4th International Joint Conference on Autonomous Agents and Multiagent Systems (AAMAS 2005), July 25-29, 2005, Utrecht, The Netherlands	inproceedings	Shakil M. Khan; Yves Lesperance			
KL05	ECASL: a model of rational agency for communicating agents	2005	Graph-Agent-LLM / Agentic AI	4th International Joint Conference on Autonomous Agents and Multiagent Systems (AAMAS 2005), July 25-29, 2005, Utrecht, The Netherlands	inproceedings	Shakil M. Khan; Yves Lesperance			
Shakil2005	ECASL: a model of rational agency for communicating agents	2005	Graph-Agent-LLM / Agentic AI	in 4th International Joint Conference on Autonomous Agents and Multiagent Systems (AAMAS 2005), July 25-29, 2005, Utrecht, The Netherlands, eds., Frank Dignum, Virginia Dignum, Sven Koenig, Sarit Kraus, Munindar P. Singh, and Michael J. Wooldridge	article	Shakil M. Khan; Yves LespÃ©rance			
Shapiro05	Specifying and Verifying Multiagent Systems Using CASL	2005	Graph-Agent-LLM / Agentic AI	Dept. of Computer Science, Univ. of Toronto	phdthesis	Steven Shapiro			
Lesperance03	On the Epistemic Feasibility of Plans in Multiagent Systems Specifications	2003	Graph-Agent-LLM / Agentic AI	Logic Journal of the IGPL	article	Yves Lesperance			
Les02	On the Epistemic Feasibility of Plans in Multiagent Systems Specifications	2002	Graph-Agent-LLM / Agentic AI	Intelligent Agents VIII, Agent Theories, Architectures, and Languages, 8th International Workshop, ATAL-2001, Seattle, WA, USA, Aug. 1-3, 2001, Revised papers	inproceedings	Yves Lesperance			
ShapiroLL02	The Cognitive Agents Specification Language and Verification Environment for multiagent systems	2002	Graph-Agent-LLM / Agentic AI	The First International Joint Conference on Autonomous Agents & Multiagent Systems, AAMAS 2002, July 15-19, 2002, Bologna, Italy, Proceedings	inproceedings	Steven Shapiro; Yves Lesperance; Hector J. Levesque	10.1145/544741.544746	https://doi.org/10.1145/544741.544746	
BelnapPX01	Facing the Future: Agents and Choices in our Indeterministic World	2001	Graph-Agent-LLM / Agentic AI	Oxford University Press	book	Nuel Belnap; Michel Perloff; Ming Xu			
ShapiroLL97	Specifying Communicative Multi-Agent Systems (Invited Paper)	1997	Graph-Agent-LLM / Agentic AI	Agents and Multi-Agent Systems Formalisms, Methodologies, and Applications, Based on the AI'97 Workshops on Commonsense Reasoning, Intelligent Agents, and Distributed Artificial Intelligence, Perth, Australia, December 1, 1997	inproceedings	Steven Shapiro; Yves Lesperance; Hector J. Levesque	10.1007/BFb0055016	https://doi.org/10.1007/BFb0055016	
hu2025self	A self-correcting Agentic Graph RAG for clinical decision support in hepatology	2025	GraphRAG / Retrieval-Augmented Generation	Frontiers in medicine	article	Hu, Yalan; Xuan, Wenjie; Zhou, Qingqing; Li, Zhi; Li, Ya; et al.			
edge2024graphrag	From Local to Global: A Graph RAG Approach to Query-Focused Summarization	2025	GraphRAG / Retrieval-Augmented Generation		misc	Darren Edge; Ha Trinh; Newman Cheng; Joshua Bradley; Alex Chao; et al.		https://arxiv.org/abs/2404.16130	
mavromatis2025gnn	GNN-RAG: Graph neural retrieval for efficient large language model reasoning on knowledge graphs	2025	GraphRAG / Retrieval-Augmented Generation	Findings of the Association for Computational Linguistics: ACL 2025	inproceedings	Mavromatis, Costas; Karypis, George			
peng2025graph	Graph retrieval-augmented generation: A survey	2025	GraphRAG / Retrieval-Augmented Generation	ACM Transactions on Information Systems	article	Peng, Boci; Zhu, Yun; Liu, Yongchao; Bo, Xiaohe; Shi, Haizhou; et al.			
li2025graphcodeagent	GraphCodeAgent: Dual Graph-Guided LLM Agent for Retrieval-Augmented Repo-Level Code Generation	2025	GraphRAG / Retrieval-Augmented Generation	arXiv preprint arXiv:2504.10046	article	Li, Jia; Shi, Xianjie; Zhang, Kechi; Li, Ge; Jin, Zhi; et al.			
yang2025graphsearch	GraphSearch: An Agentic Deep Searching Workflow for Graph Retrieval-Augmented Generation	2025	GraphRAG / Retrieval-Augmented Generation	arXiv preprint arXiv:2509.22009	article	Yang, Cehao; Wu, Xiaojun; Lin, Xueyuan; Xu, Chengjin; Jiang, Xuhui; et al.			
wu2025medical	Medical graph rag: Evidence-based medical large language model via graph retrieval-augmented generation	2025	GraphRAG / Retrieval-Augmented Generation	Proceedings of the 63rd Annual Meeting of the Association for Computational Linguistics (Volume 1: Long Papers)	inproceedings	Wu, Junde; Zhu, Jiayuan; Qi, Yunli; Chen, Jingkun; Xu, Min; et al.			
edge2024graphrag	From Local to Global: A Graph RAG Approach to Query-Focused Summarization	2024	GraphRAG / Retrieval-Augmented Generation	arXiv preprint arXiv:2404.16130	article	Edge, Darren; Trinh, Ha; Cheng, Newman; Bradley, Joshua; Chao, Alex; et al.			
he2024gretriever	G-Retriever: Retrieval-Augmented Generation for Textual Graph Understanding and Question Answering	2024	GraphRAG / Retrieval-Augmented Generation	Advances in Neural Information Processing Systems	inproceedings	He, Xiaoxin; Tian, Yijun; Sun, Yifei; Chawla, Nitesh V.; Laurent, Thomas; et al.			
mavromatis2024gnn	Gnn-rag: Graph neural retrieval for large language model reasoning	2024	GraphRAG / Retrieval-Augmented Generation	arXiv preprint arXiv:2405.20139	article	Mavromatis, Costas; Karypis, George			
es2024ragas	RAGAS: Automated Evaluation of Retrieval Augmented Generation	2024	GraphRAG / Retrieval-Augmented Generation	Proceedings of the 18th Conference of the European Chapter of the Association for Computational Linguistics: System Demonstrations	inproceedings	Es, Shahul; James, Jithin; Espinosa-Anke, Luis; Schockaert, Steven			
tong2026gnn	GNN-LLM hybrid cognitive architectures for generative task adaptation in multi-human multi-robot collaborative disassembly	2026	Hybrid GNN-LLM / Graph Learning	Robotics and Computer-Integrated Manufacturing	article	Tong, Xiaodong; Li, Ke; Bao, Jinsong			
zhang2025can	Can large language models improve the adversarial robustness of graph neural networks?	2025	Hybrid GNN-LLM / Graph Learning	Proceedings of the 31st ACM SIGKDD Conference on Knowledge Discovery and Data Mining V. 1	inproceedings	Zhang, Zhongjian; Wang, Xiao; Zhou, Huichi; Yu, Yue; Zhang, Mengmei; et al.			
chen2025combining	Combining LLM Semantic Reasoning with GNN Structural Modeling for Multi-View Multi-Label Feature Selection	2025	Hybrid GNN-LLM / Graph Learning	arXiv preprint arXiv:2511.08008	article	Chen, Zhiqi; Liu, Yuzhou; Liu, Jiarui; Gao, Wanfu			
baghershahi2025gspell	From Nodes to Narratives: Explaining Graph Neural Networks with LLMs and Graph Context	2025	Hybrid GNN-LLM / Graph Learning		misc	Peyman Baghershahi; Gregoire Fournier; Pranav Nyati; Sourav Medya			
li2025hybrid	Hybrid-LLM-GNN: integrating large language models and graph neural networks for enhanced materials property prediction	2025	Hybrid GNN-LLM / Graph Learning	Digital Discovery	article	Li, Youjia; Gupta, Vishu; Kilic, Muhammed Nur Talha; Choudhary, Kamal; Wines, Daniel; et al.			
you2025large	Large language models meet graph neural networks: a perspective of graph mining	2025	Hybrid GNN-LLM / Graph Learning	Mathematics	article	You, Yuxin; Liu, Zhen; Wen, Xiangchao; Zhang, Yongtao; Ai, Wei			
duan2025llm	Llm-botguard: A novel framework for detecting llm-driven bots with mixture of experts and graph neural networks	2025	Hybrid GNN-LLM / Graph Learning	IEEE Transactions on Computational Social Systems	article	Duan, Jinglong; Li, Weihua; Bai, Quan; Nguyen, Minh; Wang, Xiaodan; et al.			
qiao2025login	Login: A large language model consulted graph neural network training framework	2025	Hybrid GNN-LLM / Graph Learning	Proceedings of the Eighteenth ACM International Conference on Web Search and Data Mining	inproceedings	Qiao, Yiran; Ao, Xiang; Liu, Yang; Xu, Jiarong; Sun, Xiaoqian; et al.			
zhu2024llm	LLM as GNN: Graph Vocabulary Learning for Graph Foundation Model	2024	Hybrid GNN-LLM / Graph Learning		article	Zhu, Xi; Xue, Haochen; Zhao, Ziwei; Jin, Mingyu; Xu, Wujiang; et al.			
wu2019simplifying	Simplifying graph convolutional networks	2019	Hybrid GNN-LLM / Graph Learning	International conference on machine learning	inproceedings	Wu, Felix; Souza, Amauri; Zhang, Tianyi; Fifty, Christopher; Yu, Tao; et al.			
kipf2016semi	Semi-supervised classification with graph convolutional networks	2016	Hybrid GNN-LLM / Graph Learning	arXiv preprint arXiv:1609.02907	article	Kipf, Thomas N; Welling, Max			
scarselli2008graph	The graph neural network model	2008	Hybrid GNN-LLM / Graph Learning	IEEE transactions on neural networks	article	Scarselli, Franco; Gori, Marco; Tsoi, Ah Chung; Hagenbuchner, Markus; Monfardini, Gabriele			
zhang2024gail	A gail fine-tuned llm enhanced framework for low-resource knowledge graph question answering	2024	Knowledge Graph Question Answering	Proceedings of the 33rd ACM International Conference on Information and Knowledge Management	inproceedings	Zhang, Zhiqiang; Wen, Liqiang; Zhao, Wen			
liu2024dual	Dual reasoning: A gnn-llm collaborative framework for knowledge graph question answering	2024	Knowledge Graph Question Answering	arXiv preprint arXiv:2406.01145	article	Liu, Guangyi; Zhang, Yongqi; Li, Yong; Yao, Quanming			
tao2024finqa	Finqa: A training-free dynamic knowledge graph question answering system in finance with llm-based revision	2024	Knowledge Graph Question Answering	Joint European Conference on Machine Learning and Knowledge Discovery in Databases	inproceedings	Tao, Wenbiao; Zhu, Hanlun; Tan, Keren; Wang, Jiani; Liang, Yuanyuan; et al.			
aggio2023graph	A Graph-Enhanced LLM-Based Question Answering System for the AI Act	2023	Knowledge Graph Question Answering		article	Aggio, Nicola			
an2023knowledge	Knowledge graph question answering for materials science (KGQA4MAT)	2023	Knowledge Graph Question Answering	Research Conference on Metadata and Semantics Research	inproceedings	An, Yuan; Greenberg, Jane; Uribe-Romo, Fernando J; Gomez-Gualdron, Diego A; Langlois, Kyle; et al.			
yang2026cti	CTI-Thinker: an LLM-driven system for CTI knowledge graph construction and attack reasoning	2026	LLM-Assisted Graph Construction / Knowledge Graphs	Cybersecurity	article	Yang, Xiuzhang; Zhong, Ruijie; Chen, Yuling; Peng, Guojun; Yao, Di; et al.			
ahn2026enriching	Enriching Semantic Profiles into Knowledge Graph for Recommender Systems Using Large Language Models	2026	LLM-Assisted Graph Construction / Knowledge Graphs	arXiv preprint arXiv:2601.08148	article	Ahn, Seokho; Shin, Sungbok; Seo, Young-Duk			
erlemann2026full	Full-Stack Knowledge Graph and LLM Framework for Post-Quantum Cyber Readiness	2026	LLM-Assisted Graph Construction / Knowledge Graphs	arXiv preprint arXiv:2601.03504	article	Erlemann, Rasmus; Morris, Charles Colyer; Sathe, Sanjyot			
yu2026graphpilot	GraphPilot: GUI Task Automation with One-Step LLM Reasoning Powered by Knowledge Graph	2026	LLM-Assisted Graph Construction / Knowledge Graphs	arXiv preprint arXiv:2601.17418	article	Yu, Mingxian; Luo, Siqi; Chen, Xu			
zhu2026knowpath	KnowPath: An LLM-Supported Knowledge Graph Construction and Path Finding Framework to Explainable MOOC Recommendations	2026	LLM-Assisted Graph Construction / Knowledge Graphs	ACM Transactions on Information Systems	article	Zhu, Jia; Chen, Zhangze; Meo, Pasquale De; Guan, Jueqi; Han, Zhongmei; et al.			
xiao2026reliable	Reliable reasoning path: Distilling effective guidance for llm reasoning with knowledge graphs	2026	LLM-Assisted Graph Construction / Knowledge Graphs	IEEE Transactions on Knowledge and Data Engineering	article	Xiao, Yilin; Zhou, Chuang; Zhang, Qinggang; Li, Bo; Li, Qing; et al.			
li2025approximate	Approximate Knowledge Graphs: Privacy-Preserving Healthcare Data Synthesis via LLM-Driven approximation	2025	LLM-Assisted Graph Construction / Knowledge Graphs	Proceedings of the ACM/IEEE International Conference on Connected Health: Applications, Systems and Engineering Technologies	inproceedings	Li, Shenglin; Gong, Jiaqi; Ramirez Molina, Abel Andres			
sun2025docs2kg	Docs2KG: A Human-LLM Collaborative Approach to Unified Knowledge Graph Construction from Heterogeneous Documents	2025	LLM-Assisted Graph Construction / Knowledge Graphs	Companion Proceedings of the ACM on Web Conference 2025	inproceedings	Sun, Qiang; Luo, Yuanyi; Zhang, Wenxiao; Li, Sirui; Li, Jichunyang; et al.			
park2025synergistic	Synergistic joint model of knowledge graph and llm for enhancing xai-based clinical decision support systems	2025	LLM-Assisted Graph Construction / Knowledge Graphs	Mathematics	article	Park, Chaelim; Lee, Hayoung; Lee, Seonghee; Jeong, Okran			
gubanov2024cancerkg	Cancerkg. org-a web-scale, interactive, verifiable knowledge graph-llm hybrid for assisting with optimal cancer treatment and care	2024	LLM-Assisted Graph Construction / Knowledge Graphs	Proceedings of the 33rd ACM International Conference on Information and Knowledge Management	inproceedings	Gubanov, Michael; Pyayt, Anna; Karolak, Aleksandra			
bui2024cross	Cross-data knowledge graph construction for LLM-enabled educational question-answering system: A case study at HCMUT	2024	LLM-Assisted Graph Construction / Knowledge Graphs	Proceedings of the 1st ACM Workshop on AI-Powered Q&A Systems for Multimedia	inproceedings	Bui, Tuan; Tran, Oanh; Nguyen, Phuong; Ho, Bao; Nguyen, Long; et al.			
huang2024ctikg	Ctikg: Llm-powered knowledge graph construction from cyber threat intelligence	2024	LLM-Assisted Graph Construction / Knowledge Graphs	First Conference on Language Modeling	inproceedings	Huang, Liangyi; Xiao, Xusheng			
kommineni2024human	From human experts to machines: An LLM supported approach to ontology and knowledge graph construction	2024	LLM-Assisted Graph Construction / Knowledge Graphs	arXiv preprint arXiv:2403.08345	article	Kommineni, Vamsi Krishna; Konig-Ries, Birgitta; Samuel, Sheeba			
gillani2024knowledge	Knowledge graph extraction from textual data using LLM	2024	LLM-Assisted Graph Construction / Knowledge Graphs	Information Society Conferences	inproceedings	Gillani, Khasa; Novak, Erik; Kenda, Klemen; Mladenic, Dunja			
shu2024knowledge	Knowledge graph large language model (KG-LLM) for link prediction	2024	LLM-Assisted Graph Construction / Knowledge Graphs	arXiv preprint arXiv:2403.07311	article	Shu, Dong; Chen, Tianle; Jin, Mingyu; Zhang, Chong; Du, Mengnan; et al.			
o2024phenomics	Phenomics assistant: An interface for LLM-based biomedical knowledge graph exploration	2024	LLM-Assisted Graph Construction / Knowledge Graphs	bioRxiv	article	Oâ€™Neil, Shawn T; Schaper, Kevin; Elsarboukh, Glass; Reese, Justin T; Moxon, Sierra AT; et al.			
sun2024thinkongraph	Think-on-Graph: Deep and Responsible Reasoning of Large Language Model on Knowledge Graph	2024	LLM-Assisted Graph Construction / Knowledge Graphs	International Conference on Learning Representations	inproceedings	Sun, Jiashuo; Xu, Chengjin; Tang, Lumingyuan; Wang, Saizhuo; Lin, Chen; et al.			
Pan2024LLMKGRoadmap	Unifying Large Language Models and Knowledge Graphs: A Roadmap	2024	LLM-Assisted Graph Construction / Knowledge Graphs	IEEE Transactions on Knowledge and Data Engineering	article	Shirui Pan; Linhao Luo; Yixin Wang; Chengen Chen; Jiaming Wang; et al.	10.1109/TKDE.2024.3352100		
yu2023bear	Bear: Revolutionizing service domain knowledge graph construction with llm	2023	LLM-Assisted Graph Construction / Knowledge Graphs	International Conference on Service-Oriented Computing	inproceedings	Yu, Shuang; Huang, Tao; Liu, Mingyi; Wang, Zhongjie			
meyer2023developing	Developing a scalable benchmark for assessing large language models in knowledge graph engineering	2023	LLM-Assisted Graph Construction / Knowledge Graphs	arXiv preprint arXiv:2308.16622	article	Meyer, Lars-Peter; Frey, Johannes; Junghanns, Kurt; Brei, Felix; Bulert, Kirill; et al.			
trajanoska2023enhancing	Enhancing knowledge graph construction using large language models	2023	LLM-Assisted Graph Construction / Knowledge Graphs	arXiv preprint arXiv:2305.04676	article	Trajanoska, Milena; Stojanov, Riste; Trajanov, Dimitar			
carta2023iterative	Iterative zero-shot llm prompting for knowledge graph construction	2023	LLM-Assisted Graph Construction / Knowledge Graphs	arXiv preprint arXiv:2307.01128	article	Carta, Salvatore; Giuliani, Alessandro; Piano, Leonardo; Podda, Alessandro Sebastian; Pompianu, Livio; et al.			
meyer2023llm	Llm-assisted knowledge graph engineering: Experiments with chatgpt	2023	LLM-Assisted Graph Construction / Knowledge Graphs	Working conference on artificial intelligence development for a resilient and sustainable tomorrow	inproceedings	Meyer, Lars-Peter; Stadler, Claus; Frey, Johannes; Radtke, Norman; Junghanns, Kurt; et al.			
mihindukulasooriya2023text2kgbench	Text2kgbench: A benchmark for ontology-driven knowledge graph generation from text	2023	LLM-Assisted Graph Construction / Knowledge Graphs	International semantic web conference	inproceedings	Mihindukulasooriya, Nandana; Tiwari, Sanju; Enguix, Carlos F; Lata, Kusum			
barua2022complex	Complex Ontology Alignment using LLMs: A Case Study	2022	LLM-Assisted Graph Construction / Knowledge Graphs		article	Barua, Adrita; Amini, Reza; Norouzi, Sanaz Saki; Amini, Reihaneh; Hitzler, Pascal			
he2026large	Large language model-enhanced symbolic reasoning for knowledge base completion	2026	Large Language Models / Foundation Models	IEEE Transactions on Audio, Speech and Language Processing	article	He, Qiyuan; Yu, Jianfei; Wang, Wenya			
moia2026llm	LLM in the middle: A systematic review of threats and mitigations to real-world LLM-based systems	2026	Large Language Models / Foundation Models	Computer Science Review	article	Moia, Vitor Hugo Galhardo; Sanz, Igor Jochem; Rebello, Gabriel Antonio Fontes; de Meneses, Rodrigo Duarte; Hitaj, Briland; et al.			
zemskova20253dgraphllm	3dgraphllm: Combining semantic graphs and large language models for 3d scene understanding	2025	Large Language Models / Foundation Models	Proceedings of the IEEE/CVF International Conference on Computer Vision	inproceedings	Zemskova, Tatiana; Yudin, Dmitry			
liang2025breaking	Breaking Obfuscation: Cluster-Aware Graph with LLM-Aided Recovery for Malicious JavaScript Detection	2025	Large Language Models / Foundation Models	arXiv preprint arXiv:2507.22447	article	Liang, Zhihong; Wang, Xin; Hu, Zhenhuang; Song, Liangliang; Chen, Lin; et al.			
tao2025code	Code graph model (cgm): A graph-integrated large language model for repository-level software engineering tasks	2025	Large Language Models / Foundation Models	arXiv preprint arXiv:2505.16901	article	Tao, Hongyuan; Zhang, Ying; Tang, Zhenhao; Peng, Hongen; Zhu, Xukun; et al.			
zhou2025each	Each graph is a new language: Graph Learning with LLMs	2025	Large Language Models / Foundation Models	Findings of the Association for Computational Linguistics: ACL 2025	inproceedings	Zhou, Huachi; Du, Jiahe; Zhou, Chuang; Yang, Chang; Xiao, Yilin; et al.			
li2025enrich	Enrich-on-Graph: Query-Graph Alignment for Complex Reasoning with LLM Enriching	2025	Large Language Models / Foundation Models	Proceedings of the 2025 Conference on Empirical Methods in Natural Language Processing	inproceedings	Li, Songze; Liu, Zhiqiang; Gui, Zhengke; Chen, Huajun; Zhang, Wen			
li2025generation	From generation to judgment: Opportunities and challenges of llm-as-a-judge	2025	Large Language Models / Foundation Models	Proceedings of the 2025 Conference on Empirical Methods in Natural Language Processing	inproceedings	Li, Dawei; Jiang, Bohan; Huang, Liangjie; Beigi, Alimohammad; Zhao, Chengshuai; et al.			
wei2025planner3d	Planner3D: LLM-enhanced graph prior meets 3D indoor scene explicit regularization	2025	Large Language Models / Foundation Models	IEEE transactions on pattern analysis and machine intelligence	article	Wei, Yao; Min, Martin Renqiang; Vosselman, George; Li, Li Erran; Yang, Michael Ying			
liu2025st	St-llm+: Graph enhanced spatio-temporal large language models for traffic prediction	2025	Large Language Models / Foundation Models	IEEE Transactions on Knowledge and Data Engineering	article	Liu, Chenxi; Hettige, Kethmi Hirushini; Xu, Qianxiong; Long, Cheng; Xiang, Shili; et al.			
Li2024GraphMeetsLLM	A Survey of Graph Meets Large Language Model: Progress and Future Directions	2024	Large Language Models / Foundation Models	Proceedings of the 33rd International Joint Conference on Artificial Intelligence (IJCAI)	inproceedings	Yuhan Li; Yesheng Zhao; Zhixin Wang; Jiajun Zhang; Chengqing Zong			
ren2024survey	A survey of large language models for graphs	2024	Large Language Models / Foundation Models	Proceedings of the 30th ACM SIGKDD Conference on Knowledge Discovery and Data Mining	inproceedings	Ren, Xubin; Tang, Jiabin; Yin, Dawei; Chawla, Nitesh; Huang, Chao			
yu2024security	An Insight into Security Code Review with LLMs: Capabilities, Obstacles and Influential Factors	2024	Large Language Models / Foundation Models	arXiv preprint arXiv:2401.16310	article	Yu, Jiaxin; Liang, Peng; Fu, Yujia; Tahir, Amjed; Shahin, Mojtaba; et al.			
chen2024depression	Depression detection in clinical interviews with LLM-empowered structural element graph	2024	Large Language Models / Foundation Models	Proceedings of the 2024 Conference of the North American Chapter of the Association for Computational Linguistics: Human Language Technologies (Volume 1: Long Papers)	inproceedings	Chen, Zhuang; Deng, Jiawen; Zhou, Jinfeng; Wu, Jincenzi; Qian, Tieyun; et al.			
pan2024distilling	Distilling large language models for text-attributed graph learning	2024	Large Language Models / Foundation Models	Proceedings of the 33rd ACM International Conference on Information and Knowledge Management	inproceedings	Pan, Bo; Zhang, Zheng; Zhang, Yifei; Hu, Yuntong; Zhao, Liang			
zheng2024editroom	EditRoom: LLM-parameterized Graph Diffusion for Composable 3D Room Layout Editing	2024	Large Language Models / Foundation Models	arXiv preprint arXiv:2410.12836	article	Zheng, Kaizhi; Chen, Xiaotong; He, Xuehai; Gu, Jing; Li, Linjie; et al.			
li2024glbench	Glbench: A comprehensive benchmark for graph with large language models	2024	Large Language Models / Foundation Models	Advances in Neural Information Processing Systems	article	Li, Yuhan; Wang, Peisong; Zhu, Xiao; Chen, Aochuan; Jiang, Haiyun; et al.			
kong2024gofa	Gofa: A generative one-for-all model for joint graph language modeling	2024	Large Language Models / Foundation Models	arXiv preprint arXiv:2407.09709	article	Kong, Lecheng; Feng, Jiarui; Liu, Hao; Huang, Chengsong; Huang, Jiaxin; et al.			
lu2024grace	GRACE: Empowering LLM-based software vulnerability detection with graph structure and in-context learning	2024	Large Language Models / Foundation Models	Journal of Systems and Software	article	Lu, Guilong; Ju, Xiaolin; Chen, Xiang; Pei, Wenlong; Cai, Zhilong			
besta2024graphofthoughts	Graph of Thoughts: Solving Elaborate Problems with Large Language Models	2024	Large Language Models / Foundation Models	Proceedings of the AAAI Conference on Artificial Intelligence	inproceedings	Besta, Maciej; Blach, Nils; Kubicek, Ales; Gerstenberger, Robert; Podstawski, Michal; et al.			
guo2024graphedit	Graphedit: Large language models for graph structure learning	2024	Large Language Models / Foundation Models	arXiv preprint arXiv:2402.15183	article	Guo, Zirui; Xia, Lianghao; Yu, Yanhua; Wang, Yuling; Lu, Kangkang; et al.			
sansford2024grapheval	Grapheval: A knowledge-graph based llm hallucination evaluation framework	2024	Large Language Models / Foundation Models	arXiv preprint arXiv:2407.10793	article	Sansford, Hannah; Richardson, Nicholas; Maretic, Hermina Petric; Saada, Juba Nait			
tang2024graphgpt	Graphgpt: Graph instruction tuning for large language models	2024	Large Language Models / Foundation Models	Proceedings of the 47th International ACM SIGIR Conference on Research and Development in Information Retrieval	inproceedings	Tang, Jiabin; Yang, Yuhao; Wei, Wei; Shi, Lei; Su, Lixin; et al.			
tang2024graphgpt	GraphGPT: Graph Instruction Tuning for Large Language Models	2024	Large Language Models / Foundation Models	Proceedings of the 47th International ACM SIGIR Conference on Research and Development in Information Retrieval	inproceedings	Tang, Jiabin; Yang, Yuhao; Wei, Wei; Shi, Lei; Su, Lixin; et al.			
tang2024higpt	Higpt: Heterogeneous graph language model	2024	Large Language Models / Foundation Models	Proceedings of the 30th ACM SIGKDD conference on knowledge discovery and data mining	inproceedings	Tang, Jiabin; Yang, Yuhao; Wei, Wei; Shi, Lei; Xia, Long; et al.			
wang2024instructgraph	Instructgraph: Boosting large language models via graph-centric instruction tuning and preference alignment	2024	Large Language Models / Foundation Models	Findings of the Association for Computational Linguistics: ACL 2024	inproceedings	Wang, Jianing; Wu, Junda; Hou, Yupeng; Liu, Yao; Gao, Ming; et al.			
wang2024instructgraph	InstructGraph: Boosting Large Language Models via Graph-Centric Instruction Tuning and Preference Alignment	2024	Large Language Models / Foundation Models	Findings of the Association for Computational Linguistics: ACL 2024	inproceedings	Wang, Jianing; Wu, Junda; Hou, Yuxuan; Liu, Yao; Gao, Ming; et al.			
hou2024large	Large language models for software engineering: A systematic literature review	2024	Large Language Models / Foundation Models	ACM Transactions on Software Engineering and Methodology	article	Hou, Xinyi; Zhao, Yanjie; Liu, Yue; Yang, Zhou; Wang, Kailong; et al.			
wei2024llmrec	Llmrec: Large language models with graph augmentation for recommendation	2024	Large Language Models / Foundation Models	Proceedings of the 17th ACM international conference on web search and data mining	inproceedings	Wei, Wei; Ren, Xubin; Tang, Jiabin; Wang, Qinyong; Su, Lixin; et al.			
wang2024save	SaVe-TAG: LLM-based Interpolation for Long-Tailed Text-Attributed Graphs	2024	Large Language Models / Foundation Models	arXiv preprint arXiv:2410.16882	article	Wang, Leyao; Wang, Yu; Ni, Bo; Zhao, Yuying; Wang, Hanyu; et al.			
wang2024software	Software testing with large language models: Survey, landscape, and vision	2024	Large Language Models / Foundation Models	IEEE Transactions on Software Engineering	article	Wang, Junjie; Huang, Yuchao; Chen, Chunyang; Liu, Zhe; Wang, Song; et al.			
szabo2023new	A new approach to web application security: Utilizing gpt language models for source code inspection	2023	Large Language Models / Foundation Models	Future Internet	article	Szabo, Zoltan; Bilicki, Vilmos			
noever2023can	Can large language models find and fix vulnerable software?	2023	Large Language Models / Foundation Models	arXiv preprint arXiv:2308.10345	article	Noever, David			
chen2023graph	Graph meets LLM: A novel approach to collaborative filtering for robust conversational understanding	2023	Large Language Models / Foundation Models	arXiv preprint arXiv:2305.14449	article	Chen, Zheng; Jiang, Ziyan; Yang, Fan; Cho, Eunah; Fan, Xing; et al.			
packer2023memgpt	MemGPT: Towards LLMs as Operating Systems	2023	Large Language Models / Foundation Models	arXiv preprint arXiv:2310.08560	article	Packer, Charles; Wooders, Sarah; Lin, Kevin; Fang, Vivian; Patil, Shishir G.; et al.			
yao2023react	ReAct: Synergizing Reasoning and Acting in Language Models	2023	Large Language Models / Foundation Models	International Conference on Learning Representations	inproceedings	Yao, Shunyu; Zhao, Jeffrey; Yu, Dian; Du, Nan; Shafran, Izhak; et al.			
manakul2023selfcheckgpt	SelfCheckGPT: Zero-Resource Black-Box Hallucination Detection for Generative Large Language Models	2023	Large Language Models / Foundation Models	Proceedings of the 2023 Conference on Empirical Methods in Natural Language Processing	inproceedings	Manakul, Potsawee; Liusie, Adian; Gales, Mark J. F.			
schick2023toolformer	Toolformer: Language Models Can Teach Themselves to Use Tools	2023	Large Language Models / Foundation Models	Advances in Neural Information Processing Systems	inproceedings	Schick, Timo; Dwivedi-Yu, Jane; Dessi, Roberto; Raileanu, Roberta; Lomeli, Maria; et al.			
thapa2022transformer	Transformer-based language models for software vulnerability detection	2022	Large Language Models / Foundation Models	Proceedings of the 38th Annual Computer Security Applications Conference	inproceedings	Thapa, Chandra; Jang, Seung Ick; Ahmed, Muhammad Ejaz; Camtepe, Seyit; Pieprzyk, Josef; et al.			
ying2021transformers	Do transformers really perform badly for graph representation?	2021	Large Language Models / Foundation Models	Advances in neural information processing systems	article	Ying, Chengxuan; Cai, Tianle; Luo, Shengjie; Zheng, Shuxin; Ke, Guolin; et al.			
fedkt2026	FedKT: A Nature-inspired Bayesian Federated Learning Framework for Privacy-Preserving and Lightweight Consumer Devices	2026	Other / Background	IEEE Transactions on Consumer Electronics	article				
figbo2026	FigBO: A Generalized Acquisition Function Framework with Look-Ahead Capability for Bayesian Optimization	2026	Other / Background	Machine Learning	article				
faye2026tegra	TEGRA: Text Encoding With Graph and Retrieval Augmentation for Misinformation Detection	2026	Other / Background	arXiv preprint arXiv:2602.11106	article	Faye, Geraud; Ouerdane, Wassila; Gadek, Guillaume; Gatepaille, Sylvain; Hudelot, Celine			
client2025	A client-server based recognition system: Non-contact single/multiple emotional and behavioral state assessment methods	2025	Other / Background	Computers and Programs in Biomedicine	article				
point2025	Federated Neural Nonparametric Point Processes	2025	Other / Background	Artificial Intelligence	article				
fedsi2025	FedSI: Federated Subnetwork Inference for Efficient Uncertainty Quantification	2025	Other / Background	IEEE Transactions on Neural Networks and Learning Systems	article				
el2025scanedit	ScanEdit: Hierarchically-Guided Functional 3D Scan Editing	2025	Other / Background	Proceedings of the IEEE/CVF International Conference on Computer Vision	inproceedings	El Amine Boudjoghra, Mohamed; Laptev, Ivan; Dai, Angela			
searchexpert2025	SearchExpert: A GenAI-driven framework for reasoning-intensive multimedia information fusion through fine-tuning and reinforcement learning	2025	Other / Background	Information Fusion	article				
chen2024llaga	Llaga: Large language and graph assistant	2024	Other / Background	arXiv preprint arXiv:2402.08170	article	Chen, Runjin; Zhao, Tong; Jaiswal, Ajay; Shah, Neil; Wang, Zhangyang			
chen2024llaga	LLaGA: Large Language and Graph Assistant	2024	Other / Background	Proceedings of the 41st International Conference on Machine Learning	inproceedings	Chen, Runjin; Zhao, Tong; Jaiswal, Ajay; Shah, Neil; Wang, Zhangyang			
KLR24	Reasoning about Actual Causes in Nondeterministic Dynamic Domains	2024	Other / Background	Proceedings of the Thirty-ninth AAAI Conference on Artificial Intelligence, (AAAI-25)	inproceedings	Shakil M. Khan; Yves Lesperance; Maryam Rostamigiv			
lyu2023faithfulcot	Faithful Chain-of-Thought Reasoning	2023	Other / Background	Proceedings of the 13th International Joint Conference on Natural Language Processing and the 3rd Conference of the Asia-Pacific Chapter of the Association for Computational Linguistics	inproceedings	Lyu, Qing; Havaldar, Shreya; Stein, Adam; Zhang, Li; Rao, Delip; et al.			
YazdanpanahGSDJNR23	Reasoning about responsibility in autonomous systems: challenges and opportunities	2023	Other / Background	AI Soc.	article	Vahid Yazdanpanah; Enrico H. Gerding; Sebastian Stein; Mehdi Dastani; Catholijn M. Jonker; et al.			
zhao2022learning	Learning on large-scale text-attributed graphs via variational inference	2022	Other / Background	arXiv preprint arXiv:2210.14709	article	Zhao, Jianan; Qu, Meng; Li, Chaozhuo; Yan, Hao; Liu, Qian; et al.			
Miller21	Contrastive explanation: a structural-model approach	2021	Other / Background	Knowl. Eng. Rev.	article	Tim Miller			
DeGiacomoLespKR21	The Nondeterministic Situation Calculus	2021	Other / Background	Proceedings of the 18th International Conference on Principles of Knowledge Representation and Reasoning, KR 2021, Online event, November 3-12, 2021	inproceedings	Giuseppe De Giacomo; Yves Lesperance			
KhanS20	Necessary and Sufficient Conditions for Actual Root Causes	2020	Other / Background	ECAI 2020 - 24th European Conference on Artificial Intelligence, 29 August-8 September 2020, Santiago de Compostela, Spain, August 29 - September 8, 2020 - Including 10th Conference on Prestigious Applications of Artificial Intelligence (PAIS 2020)	inproceedings	Shakil M. Khan; Mikhail Soutchanski	10.3233/FAIA200169	https://doi.org/10.3233/FAIA200169	
Sridharan20	REBA-KRL: Refinement-Based Architecture for Knowledge Representation, Explainable Reasoning and Interactive Learning in Robotics	2020	Other / Background	ECAI 2020 - 24th European Conference on Artificial Intelligence, 29 August-8 September 2020, Santiago de Compostela, Spain, August 29 - September 8, 2020 - Including 10th Conference on Prestigious Applications of Artificial Intelligence (PAIS 2020)	inproceedings	Mohan Sridharan			
SridharanM19	Towards a Theory of Explanations for Human-Robot Collaboration	2019	Other / Background	Kunstliche Intell.	article	Mohan Sridharan; Ben Meadows			
BeckersV18	A Principled Approach to Defining Actual Causation	2018	Other / Background	Synthese	article	Sander Beckers; Joost Vennekens			
Herzig2018	Action Theories	2018	Other / Background	Introduction to Formal Philosophy	incollection	Herzig, Andreas; Lorini, Emiliano; Troquard, Nicolas			
BatusovDGS18	Hybrid Temporal Situation Calculus	2018	Other / Background	ArXiv e-prints	article	Vitaliy Batusov; Giuseppe De Giacomo; Mikhail Soutchanski			
LampertiZ18	Introduction to Diagnosis of Active Systems	2018	Other / Background	Springer Netherlands	book	Gianfranco Lamperti; Marina Zanella; Xiangfu Zhao			
BelleL18	Reasoning about Discrete and Continuous Noisy Sensors and Effectors in Dynamical Systems	2018	Other / Background	Artificial Intelligence	article	Vaishak Belle; Hector J. Levesque	10.1016/j.artint.2018.06.003	https://doi.org/10.1016/j.artint.2018.06.003	
vaswani2017attention	Attention is all you need	2017	Other / Background	Advances in neural information processing systems	article	Vaswani, Ashish; Shazeer, Noam; Parmar, Niki; Uszkoreit, Jakob; Jones, Llion; et al.			
hamilton2017inductive	Inductive representation learning on large graphs	2017	Other / Background	Advances in neural information processing systems	article	Hamilton, Will; Ying, Zhitao; Leskovec, Jure			
KL16	Infinite Paths in the Situation Calculus: Axiomatization and Properties	2016	Other / Background	Principles of Knowledge Representation and Reasoning: Proceedings of the Fifteenth International Conference, KR 2016, Cape Town, South Africa, April 25-29, 2016	inproceedings	Shakil M. Khan; Yves Lesperance			
Gossler15	A General Framework for Blaming in Component-Based Systems	2015	Other / Background	Science of Computer Programming	article	Gregor Go\ssler; Daniel Le Metayer			
Weslake15	A Partial Theory of Actual Causation	2015	Other / Background	British Journal for the Philosophy of Science	article	Brad Weslake			
KL15	Infinite Paths in the Situation Calculus	2015	Other / Background	Department of Electrical Engineering and Computer Science, York University	techreport	Shakil M. Khan; Yves Lesperance			
Trave-M14	Bridging Control and Artificial Intelligence Theories for Diagnosis: A Survey	2014	Other / Background	Eng. Appl. of AI	article	Louise Trave-Massuyes			
ZaytoonL13	Overview of Fault Diagnosis Methods for Discrete Event Systems	2013	Other / Background	Annual Reviews in Control	article	Janan Zaytoon; Stephane Lafortune			
GrastienHT12	Conflict-Based Diagnosis of Discrete Event Systems: Theory and Practice	2012	Other / Background	Principles of Knowledge Representation and Reasoning: Proceedings of the Thirteenth Intl. Conference, KR	inproceedings	Alban Grastien; Patrik Haslum; Sylvie Thiebaux			
HaslumG11	Diagnosis as Planning: Two Case Studies	2011	Other / Background	5th Scheduling and Planning Applications Workshop (SPARK)	inproceedings	Patrik Haslum; Alban Grastien			
GlymourDGERSSTZ10	Actual Causation: A Stone Soup Essay	2010	Other / Background	Synthese	article	Clark Glymour; David Danks; Bruce Glymour; Frederick Eberhardt; Joseph D. Ramsey; et al.	10.1007/s11229-009-9497-9	https://doi.org/10.1007/s11229-009-9497-9	
SohrabiBM10	Diagnosis as Planning Revisited	2010	Other / Background	Principles of Knowledge Representation and Reasoning: Proceedings of the Twelfth Intl. Conference, KR	inproceedings	Shirin Sohrabi; Jorge A. Baier; Sheila A. McIlraith			
Shakil2009	A Logical Account of Prioritized Goals and their Dynamics	2009	Other / Background	Proc. of the 9th International Symposium on Logical Formalizations of Commonsense Reasoning.	article	Shakil M. Khan; Yves Lesperance			
GuS08	Reasoning about Large Taxonomies of Actions	2008	Other / Background	Proceedings of the Twenty-Third AAAI Conference on Artificial Intelligence, AAAI	inproceedings	Yilan Gu; Mikhail Soutchanski			
SchumannPT07	A Spectrum of Symbolic On-line Diagnosis Approaches	2007	Other / Background	Proceedings of the Twenty-Second AAAI Conference on Artificial Intelligence	inproceedings	Anika Schumann; Yannick Pencole; Sylvie Thiebaux			
RintanenG07	Diagnosability Testing with Satisfiability Algorithms	2007	Other / Background	Proceedings of the 20th Intl. Joint Conference on Artificial Intelligence, IJCAI	inproceedings	Jussi Rintanen; Alban Grastien			
GrastienARK07	Diagnosis of Discrete-Event Systems Using Satisfiability Algorithms	2007	Other / Background	Proceedings of the Twenty-Second AAAI Conference on Artificial Intelligence	inproceedings	Alban Grastien; Anbulagan; Jussi Rintanen; Elena Kelareva			
ShapLesLev07	Goal Change in the Situation Calculus	2007	Other / Background	Journal of Logic and Computation	article	Steven Shapiro; Yves Lesperance; Hector J. Levesque	10.1093/logcom/exm050	https://doi.org/10.1093/logcom/exm050	
vanDit07	Optimal Regression for Reasoning about Knowledge and Actions	2007	Other / Background	Proceedings of the Twenty-Second AAAI Conference on Artificial Intelligence, July 22-26, 2007, Vancouver, British Columbia, Canada	inproceedings	Hans P. van Ditmarsch; Andreas Herzig; Tiago de Lima		http://www.aaai.org/Library/AAAI/2007/aaai07-170.php	
Hall07	Structural Equations and Causation	2007	Other / Background	Philosophical Studies: An International Journal for Philosophy in the Analytic Tradition	article	Ned Hall			
HalpernP05	Causes and Explanations: A Structural-Model Approach. Part I: Causes	2005	Other / Background	The British Journal for the Philosophy of Science	article	Joseph Y. Halpern; Judea Pearl			
Hopkins05	The Actual Cause: From Intuition to Automation	2005	Other / Background	University of California Los Angeles	phdthesis	Mark Hopkins			
LampertiZ03	Diagnosis of Active Systems: Principles and Techniques	2003	Other / Background	Springer Netherlands	book	Gianfranco Lamperti; Marina Zanella			
SchLev03	Knowledge, action, and the frame problem	2003	Other / Background	Artificial Intelligence	article	Richard B. Scherl; Hector J. Levesque			
Reiter01	Knowledge in Action. Logical Foundations for Specifying and Implementing Dynamical Systems	2001	Other / Background	MIT Press	book	Raymond Reiter			
BoutilierRP01	Symbolic Dynamic Programming for First-Order MDPs	2001	Other / Background	Proceedings of the Seventeenth International Joint Conference on Artificial Intelligence, IJCAI 2001, Seattle, Washington, USA, August 4-10, 2001	inproceedings	Craig Boutilier; Raymond Reiter; Bob Price			
Hitchcock01	The Intransitivity of Causation Revealed in Equations and Graphs	2001	Other / Background	The Journal of Philosophy	article	Christopher Hitchcock			
GiacomoLL00	ConGolog, A Concurrent Programming Language based on the Situation Calculus	2000	Other / Background	Artificial Intelligence	article	Giuseppe De Giacomo; Yves Lesperance; Hector J. Levesque	10.1016/S0004-3702(00)00031-X	https://doi.org/10.1016/S0004-3702(00)00031-X	
McIlraithBCG00	Hybrid Systems Diagnosis	2000	Other / Background	Hybrid Systems: Computation and Control, Third Intl. Workshop, HSCC Proceedings	inproceedings	Sheila A. McIlraith; Gautam Biswas; Dan Clancy; Vineet Gupta			
BacchusHL99	Reasoning about Noisy Sensors and Effectors in the Situation Calculus	1999	Other / Background	Artificial Intelligence	article	Fahiem Bacchus; Joseph Y. Halpern; Hector J. Levesque	10.1016/S0004-3702(99)00031-4	https://doi.org/10.1016/S0004-3702(99)00031-4	
PirriReiter99	Some contributions to the metatheory of the situation calculus	1999	Other / Background	J. ACM	article	Fiora Pirri; Raymond Reiter			
LakemeyerL98	AOL: A logic of Acting, Sensing, Knowing, and Only Knowing	1998	Other / Background	Proceedings of the Sixth International Conference on Principles of Knowledge Representation and Reasoning (KR'98), Trento, Italy, June 2-5, 1998	inproceedings	Gerhard Lakemeyer; Hector J. Levesque			
DeGiacomoRS98	Execution Monitoring of High-Level Robot Programs	1998	Other / Background	Proceedings of the Sixth Intl. Conference on Principles of Knowledge Representation and Reasoning (KR)	inproceedings	Giuseppe De Giacomo; Raymond Reiter; Mikhail Soutchanski			
McIlraith98	Explanatory Diagnosis: Conjecturing Actions to Explain Observations	1998	Other / Background	Proceedings of the Sixth Intl. Conference on Principles of Knowledge Representation and Reasoning (KR)	inproceedings	Sheila A. McIlraith			
LevPirRei98	Foundations for the Situation Calculus	1998	Other / Background	Electronic Transactions on Artificial Intelligence (ETAI)	article	Hector J. Levesque; Fiora Pirri; Raymond Reiter			
Pearl98	On the Definition of Actual Cause	1998	Other / Background	University of California Los Angeles	techreport	Judea Pearl			
SampathSLST96	Failure Diagnosis using Discrete-Event Models	1996	Other / Background	IEEE Trans. Contr. Sys. Techn.	article	Meera Sampath; Raja Sengupta; Stephane Lafortune; Kasim Sinnamohideen; Demosthenis Teneketzis			
Lev96	What Is Planning in the Presence of Sensing?	1996	Other / Background	Proceedings of the Thirteenth National Conference on Artificial Intelligence and Eighth Innovative Applications of Artificial Intelligence Conference, AAAI, IAAI, Volume 2	inproceedings	Hector J. Levesque			
SampathSLST95	Diagnosability of Discrete Event Systems	1995	Other / Background	IEEE Transactions Automatic Control	article	Meera Sampath; Raja Sengupta; Stephane Lafortune; Kasim Sinnamohideen; Demosthenis Teneketzis			
CordierT94	Event-Based Diagnosis for Evolutive Systems	1994	Other / Background	Proceedings of the 5th Intl. Workshop on Principles of Diagnosis	inproceedings	Marie-Odile Cordier; Sylvie Thiebaux			
McIlraith94	Towards a Theory of Diagnosis, Testing and Repair	1994	Other / Background	Proceedings of the 5th Intl. Workshop on Principles of Diagnosis (DX)	inproceedings	Sheila A. McIlraith			
Shanahan93	Explanation in the Situation Calculus	1993	Other / Background	Proceedings of the 13th International Joint Conference on Artificial Intelligence. Chambery, France, August 28 - September 3, 1993	inproceedings	Murray Shanahan			
deKleerMR92	Characterizing Diagnoses and Systems	1992	Other / Background	Artificial Intelligence	article	Johan de Kleer; Alan K. Mackworth; Raymond Reiter			
WeldDeKleer1990Readings	Readings in Qualitative Reasoning about Physical Systems	1990	Other / Background	Morgan Kaufmann	book	Weld, D.S.; De Kleer, J.		https://books.google.ca/books?id=ZYJQAAAAMAAJ	
Baker89	A Simple Solution to the Yale Shooting Problem	1989	Other / Background	Proceedings of the 1st International Conference on Principles of Knowledge Representation and Reasoning (KR'89). Toronto, Canada, May 15-18 1989	inproceedings	Andrew B. Baker			
KleerW89	Diagnosis with Behavioral Modes	1989	Other / Background	Proceedings of the 11th Intl. Joint Conference on Artificial Intelligence, IJCAI	inproceedings	Johan de Kleer; Brian C. Williams			
LifschitzR89	Miracles in Formal Theories of Action	1989	Other / Background	Artif. Intell.	article	Vladimir Lifschitz; Arkady Rabinov			
Reiter87	A Theory of Diagnosis from First Principles	1987	Other / Background	Artificial Intelligence	article	Raymond Reiter			
EmeHal86	Sometimes and Not Never Revisited: On Branching Versus Linear Time Temporal Logic	1986	Other / Background	J. ACM	article	E. A. Emerson; J. Y. Halpern			
Moore85	A Formal Theory of Knowledge and Action	1985	Other / Background	Formal Theories of the Commonsense World	inproceedings	Robert C. Moore			
Hoare85	Communicating Sequential Processes	1985	Other / Background	Prentice-Hall	book	C. A. R. Hoare			
McCarthyH69	Some Philosophical Problems from the Standpoint of Artificial Intelligence	1969	Other / Background	Machine Intelligence	article	John McCarthy; Patrick J. Hayes			
McCarthy1969:AI	Some Philosophical Problems From the Standpoint of Artificial Intelligence	1969	Other / Background	Machine Intelligence	article	J. McCarthy; P. J. Hayes			
Mackie65	Causes and Conditions	1965	Other / Background	American Philosophical Quarterly	article	John Leslie Mackie			
Hintikka62	Knowledge and Belief	1962	Other / Background	Cornell University Press	book	Jaakko Hintikka			
eupa2026	EUPA: Embodied Uncertainty-Aware Multimodal Affect Perception for Consumer Electronic Systems	2026	Scene Graphs / Multimodal Reasoning	IEEE Transactions on Consumer Electronics	article				
zhang2026scenellm	Scenellm: Implicit language reasoning in llm for dynamic scene graph generation	2026	Scene Graphs / Multimodal Reasoning	Pattern Recognition	article	Zhang, Hang; Li, Zhuoling; Liu, Jun			
rmdg2025	A Generative Random Modality Dropout Framework for Robust Multimodal Emotion Recognition	2025	Scene Graphs / Multimodal Reasoning	IEEE Intelligent Systems	article				
zhao2025integrapsg	IntegraPSG: Integrating LLM Guidance with Multimodal Feature Fusion for Single-Stage Panoptic Scene Graph Generation	2025	Scene Graphs / Multimodal Reasoning	Electronics	article	Zhao, Yishuang; Zhang, Qiang; Sun, Xueying; Liu, Guanchen			
xu2025llava	Llava-spacesgg: Visual instruct tuning for open-vocabulary scene graph generation with enhanced spatial relations	2025	Scene Graphs / Multimodal Reasoning	2025 IEEE/CVF Winter Conference on Applications of Computer Vision (WACV)	inproceedings	Xu, Mingjie; Wu, Mengyang; Zhao, Yuzhi; Li, Jason Chun Lok; Ou, Weifeng			
yang2025llm	Llm meets scene graph: Can large language models understand and generate scene graphs? a benchmark and empirical study	2025	Scene Graphs / Multimodal Reasoning	Proceedings of the 63rd Annual Meeting of the Association for Computational Linguistics (Volume 1: Long Papers)	inproceedings	Yang, Dongil; Kim, Minjin; Mac Kim, Sunghwan; Kwak, Beong-woo; Park, Minjun; et al.			
jeong2025llm	LLM-powered scene graph representation learning for image retrieval via visual triplet-based graph transformation	2025	Scene Graphs / Multimodal Reasoning	Expert Systems with Applications	article	Jeong, Soohwan; Park, Jongmin; Choi, Mingyu; Kwon, Yongjin; Lim, Sungsu			
raft2025	Raft: Robust adversarial fusion transformer for multimodal sentiment analysis	2025	Scene Graphs / Multimodal Reasoning	Array	article				
wang2025sakr	SAKR-Edit: Scene-Aware Knowledge Reasoning for Text-to-Image Editing	2025	Scene Graphs / Multimodal Reasoning	Proceedings of the 33rd ACM International Conference on Multimedia	inproceedings	Wang, Jiawen; Li, Jianjun; Ma, Zhiyuan; Bai, Ruixia			
platnick2024enabling	Enabling Perspective-Aware Ai with Contextual Scene Graph Generation	2024	Scene Graphs / Multimodal Reasoning	Information	article	Platnick, Daniel; Alirezaie, Marjan; Rahnama, Hossein			
xu2024llm	Llm and gnn are complementary: Distilling llm for multimodal graph learning	2024	Scene Graphs / Multimodal Reasoning	arXiv preprint arXiv:2406.01032	article	Xu, Junjie; Wu, Zongyu; Lin, Minhua; Zhang, Xiang; Wang, Suhang			
li2024llm	LLM-enhanced Scene Graph Learning for Household Rearrangement	2024	Scene Graphs / Multimodal Reasoning	SIGGRAPH Asia 2024 Conference Papers	inproceedings	Li, Wenhao; Yu, Zhiyuan; She, Qijin; Yu, Zhinan; Lan, Yuqing; et al.			
kim2024llm4sgg	Llm4sgg: Large language models for weakly supervised scene graph generation	2024	Scene Graphs / Multimodal Reasoning	Proceedings of the IEEE/CVF Conference on Computer Vision and Pattern Recognition	inproceedings	Kim, Kibum; Yoon, Kanghoon; Jeon, Jaehyeong; In, Yeonjun; Moon, Jinyoung; et al.			
dai2024optimal	Optimal scene graph planning with large language model guidance	2024	Scene Graphs / Multimodal Reasoning	2024 IEEE International Conference on Robotics and Automation (ICRA)	inproceedings	Dai, Zhirui; Asgharivaskasi, Arash; Duong, Thai; Lin, Shusen; Tzes, Maria-Elizabeth; et al.			
chen2024scene	Scene graph generation with role-playing large language models	2024	Scene Graphs / Multimodal Reasoning	Advances in Neural Information Processing Systems	article	Chen, Guikun; Li, Jin; Wang, Wenguan			
li2024scene	Scene graph generation: A comprehensive survey	2024	Scene Graphs / Multimodal Reasoning	Neurocomputing	article	Li, Hongsheng; Zhu, Guangming; Zhang, Liang; Jiang, Youliang; Dang, Yixuan; et al.			
yin2024sg	Sg-nav: Online 3d scene graph prompting for llm-based zero-shot object navigation	2024	Scene Graphs / Multimodal Reasoning	Advances in neural information processing systems	article	Yin, Hang; Xu, Xiuwei; Wu, Zhenyu; Zhou, Jie; Lu, Jiwen			
zhang2024sgedit	Sgedit: Bridging llm with text2image generative model for scene graph-based image editing	2024	Scene Graphs / Multimodal Reasoning	arXiv preprint arXiv:2410.11815	article	Zhang, Zhiyuan; Chen, DongDong; Liao, Jing			
lv2024sgformer	Sgformer: Semantic graph transformer for point cloud-based 3d scene graph generation	2024	Scene Graphs / Multimodal Reasoning	Proceedings of the AAAI Conference on Artificial Intelligence	inproceedings	Lv, Changsheng; Qi, Mengshi; Li, Xia; Yang, Zhengyuan; Ma, Huadong			
colombani2024time	Time is on my sight: scene graph filtering for dynamic environment perception in an LLM-driven robot	2024	Scene Graphs / Multimodal Reasoning	arXiv preprint arXiv:2411.15027	article	Colombani, Simone; Brini, Luca; Ognibene, Dimitri; Boccignone, Giuseppe			
huang2024toward	Toward Scene Graph and Layout Guided Complex 3D Scene Generation	2024	Scene Graphs / Multimodal Reasoning	arXiv preprint arXiv:2412.20473	article	Huang, Yu-Hsiang; Wang, Wei; Huang, Sheng-Yu; Wang, Yu-Chiang Frank			
chen2024makes	What makes a scene? scene graph-based evaluation and feedback for controllable generation	2024	Scene Graphs / Multimodal Reasoning	arXiv preprint arXiv:2411.15435	article	Chen, Zuyao; Wu, Jinlin; Lei, Zhen; Chen, Chang Wen			
zhao2023less	Less is more: Toward zero-shot local scene graph generation via foundation models	2023	Scene Graphs / Multimodal Reasoning	arXiv preprint arXiv:2310.01356	article	Zhao, Shu; Xu, Huijuan			
chang2021comprehensive	A comprehensive survey of scene graphs: Generation and application	2021	Scene Graphs / Multimodal Reasoning	IEEE Transactions on Pattern Analysis and Machine Intelligence	article	Chang, Xiaojun; Ren, Pengzhen; Xu, Pengfei; Li, Zhihui; Chen, Xiaojiang; et al.			
chang2021scene	Scene graphs: A survey of generations and applications	2021	Scene Graphs / Multimodal Reasoning	arXiv preprint arXiv:2104.01111	article	Chang, Xiaojun; Ren, Pengzhen; Xu, Pengfei; Li, Zhihui; Chen, Xiaojiang; et al.			
